{"yTp3X2WTd2LcqKNA/L25Lg==":"full_logo-400x72.png","PFTbvm/qGv3mJsmbT1VeeA==":"asu_fselogo_horiz_rgb_maroongold_footer-800x198.png","dSfNlUMpffnUq3O0vI+Clw==":"eye-wallpaper-1999x1328.jpg","jIPpYKnEpOdR8J+u58Xzqw==":"pediatric-eye-doctor-3-1536x1024.jpg","9bcr3vY33bFPLJEPq03ISA==":"image%20reflection-883x899.png","Mzyhlzm5B6fCL64lIO6XuA==":"ibm_watson_avatar_pos-5053x2526.jpg","wYTxa266LdetKmuWNHAlWQ==":"image%20reflection1-757x857.png","zO6v65/Jf4hObyf8Dzup0Q==":"mbr-1620x1080.jpg","2MAADjdEpRPlzAEbquF4yA==":"profile%20pic-1200x1200.jpg","QANCmMVyBZi7t8EDcLcHHA==":"gaffar-ashraf-6214-b-copy-1000x1338.jpg","XZu/33thdKjYk+2VhxfqpA==":"blank_woman_placeholder.svg-768x768.png","CBTbRm+qBav4qVSL96SUCA==":"placeholder-woman-233x300.png","8w8b3XXomJDwEtxcgXkN4Q==":"gaffar-ashraf-6214-b-copy-1000x1076.jpg","kfv3PdaFF2yo9YJbnfJZ6w==":"asu%20cote%20top%2010%20images_page-18-942x512.jpg","WXx1pJZmqnHaOt8H7zqppA==":"mbr-1618x1080.jpg","sl3AWoi2+K7RfEftlMhTcg==":"mbr-1-1620x1080.jpg","VwnsILuPvMFF9YnBjqPAvg==":"mbr-808x1080.jpg","V06tDkAQ89JUzTjKNYqcIA==":"mbr-2-1620x1080.jpg"}